image_a,image_b,hash,similarity,action,source
RDD2020_India_India_000144.jpg,RDD2020_India_India_000443.jpg,9dbde84ce4a84366,0.938_phash_dist_4,dropped_near_duplicate,RDD2020
RDD2020_India_India_000812.jpg,RDD2020_India_India_000853.jpg,9080e46a7ada5e6f,0.938_phash_dist_4,dropped_near_duplicate,RDD2020
RDD2020_India_India_000168.jpg,RDD2020_India_India_001717.jpg,d59ca64b4a94e527,0.938_phash_dist_4,dropped_near_duplicate,RDD2020
RDD2020_India_India_001903.jpg,RDD2020_India_India_003709.jpg,96ada95a148dea5c,0.938_phash_dist_4,dropped_near_duplicate,RDD2020
RDD2020_India_India_003496.jpg,RDD2020_India_India_003842.jpg,d5a53ad3199de80a,0.938_phash_dist_4,dropped_near_duplicate,RDD2020
RDD2020_India_India_000789.jpg,RDD2020_India_India_004414.jpg,9585ae2a43d5f52a,0.938_phash_dist_4,dropped_near_duplicate,RDD2020
RDD2020_India_India_004419.jpg,RDD2020_India_India_004525.jpg,9b8a284babf56227,0.938_phash_dist_4,dropped_near_duplicate,RDD2020
RDD2020_India_India_002549.jpg,RDD2020_India_India_005701.jpg,d595b42d49cab2b4,0.938_phash_dist_4,dropped_near_duplicate,RDD2020
RDD2020_India_India_005266.jpg,RDD2020_India_India_005704.jpg,da94b52d2ac25675,0.969_phash_dist_2,dropped_near_duplicate,RDD2020
RDD2020_India_India_003712.jpg,RDD2020_India_India_005761.jpg,c3aaf4400bf66e39,0.938_phash_dist_4,dropped_near_duplicate,RDD2020
RDD2020_India_India_001160.jpg,RDD2020_India_India_006058.jpg,9595ee6a2a1a91b5,0.938_phash_dist_4,dropped_near_duplicate,RDD2020
RDD2020_India_India_006287.jpg,RDD2020_India_India_006370.jpg,828b474aadd64e3d,0.938_phash_dist_4,dropped_near_duplicate,RDD2020
RDD2020_India_India_002696.jpg,RDD2020_India_India_006835.jpg,d196a60d49d6f615,0.938_phash_dist_4,dropped_near_duplicate,RDD2020
RDD2020_India_India_006756.jpg,RDD2020_India_India_006899.jpg,d195b4ad290bd2e6,0.938_phash_dist_4,dropped_near_duplicate,RDD2020
RDD2020_India_India_000052.jpg,RDD2020_India_India_006977.jpg,92a525521aedc57b,0.938_phash_dist_4,dropped_near_duplicate,RDD2020
RDD2020_India_India_007974.jpg,RDD2020_India_India_008390.jpg,85a66659a5ee2a35,0.938_phash_dist_4,dropped_near_duplicate,RDD2020
RDD2020_India_India_007271.jpg,RDD2020_India_India_008437.jpg,c1bd79041cd3ce5c,0.938_phash_dist_4,dropped_near_duplicate,RDD2020
RDD2020_India_India_000940.jpg,RDD2020_India_India_008541.jpg,dfd7e5e00828c4ea,0.938_phash_dist_4,dropped_near_duplicate,RDD2020
RDD2020_India_India_005810.jpg,RDD2020_India_India_008572.jpg,ddc5e2319cfc6221,0.938_phash_dist_4,dropped_near_duplicate,RDD2020
RDD2020_India_India_007141.jpg,RDD2020_India_India_008940.jpg,949c7d161ed0c65e,0.938_phash_dist_4,dropped_near_duplicate,RDD2020
RDD2020_India_India_006450.jpg,RDD2020_India_India_008989.jpg,848e296b309b7e57,0.938_phash_dist_4,dropped_near_duplicate,RDD2020
RDD2020_India_India_002219.jpg,RDD2020_India_India_009095.jpg,c3a2f45a0bb5e03d,0.938_phash_dist_4,dropped_near_duplicate,RDD2020
RDD2020_India_India_001038.jpg,RDD2020_India_India_009161.jpg,95a637421be9d748,0.938_phash_dist_4,dropped_near_duplicate,RDD2020
RDD2020_India_India_003696.jpg,RDD2020_India_India_009205.jpg,d395b4a80b1bd6e4,0.969_phash_dist_2,dropped_near_duplicate,RDD2020
RDD2020_India_India_006794.jpg,RDD2020_India_India_009434.jpg,91952ccc55fbac4c,0.938_phash_dist_4,dropped_near_duplicate,RDD2020
RDD2020_India_India_008957.jpg,RDD2020_India_India_009436.jpg,928ced4b72e4686b,0.938_phash_dist_4,dropped_near_duplicate,RDD2020
RDD2020_India_India_001689.jpg,RDD2020_India_India_009544.jpg,868785b7b1632b6a,0.938_phash_dist_4,dropped_near_duplicate,RDD2020
RDD2020_India_India_005810.jpg,RDD2020_India_India_009593.jpg,d5c5e2319cfe6221,0.969_phash_dist_2,dropped_near_duplicate,RDD2020
RDD2020_India_India_003320.jpg,RDD2020_India_India_009807.jpg,97a531d61b91e80f,0.938_phash_dist_4,dropped_near_duplicate,RDD2020
RDD2020_Japan_Japan_000735.jpg,RDD2020_Japan_Japan_001121.jpg,8d8b8f8f50630f8d,0.938_phash_dist_4,dropped_near_duplicate,RDD2020
RDD2020_Japan_Japan_002472.jpg,RDD2020_Japan_Japan_003606.jpg,8e848edcccd83b2b,0.969_phash_dist_2,dropped_near_duplicate,RDD2020
RDD2020_Japan_Japan_003130.jpg,RDD2020_Japan_Japan_004433.jpg,9bbb8498f12f6a0a,1.000_phash_dist_0,dropped_near_duplicate,RDD2020
RDD2020_Japan_Japan_001546.jpg,RDD2020_Japan_Japan_004908.jpg,98b8bc892b61d796,0.938_phash_dist_4,dropped_near_duplicate,RDD2020
RDD2020_Japan_Japan_003745.jpg,RDD2020_Japan_Japan_005197.jpg,9898b9b7a5664c1d,0.938_phash_dist_4,dropped_near_duplicate,RDD2020
RDD2020_Japan_Japan_005289.jpg,RDD2020_Japan_Japan_005451.jpg,8485c3fff9782407,0.969_phash_dist_2,dropped_near_duplicate,RDD2020
RDD2020_Japan_Japan_003649.jpg,RDD2020_Japan_Japan_005906.jpg,bc3ca390184b577b,0.938_phash_dist_4,dropped_near_duplicate,RDD2020
RDD2020_Japan_Japan_000534.jpg,RDD2020_Japan_Japan_006184.jpg,9f00736b61e1e4ab,0.938_phash_dist_4,dropped_near_duplicate,RDD2020
RDD2020_Japan_Japan_002133.jpg,RDD2020_Japan_Japan_006439.jpg,d8dd87272578a907,0.969_phash_dist_2,dropped_near_duplicate,RDD2020
RDD2020_Japan_Japan_001853.jpg,RDD2020_Japan_Japan_006545.jpg,cdcd5632b9c8f0b0,0.938_phash_dist_4,dropped_near_duplicate,RDD2020
RDD2020_Japan_Japan_004157.jpg,RDD2020_Japan_Japan_006815.jpg,93f36c1883c53ca7,0.969_phash_dist_2,dropped_near_duplicate,RDD2020
RDD2020_Japan_Japan_000355.jpg,RDD2020_Japan_Japan_007984.jpg,808185397e7ec7cd,1.000_phash_dist_0,dropped_near_duplicate,RDD2020
RDD2020_Japan_Japan_002331.jpg,RDD2020_Japan_Japan_008545.jpg,cc8ce0e1b9b6369a,0.938_phash_dist_4,dropped_near_duplicate,RDD2020
RDD2020_Japan_Japan_001303.jpg,RDD2020_Japan_Japan_009326.jpg,d0d082e7e9292bbe,0.969_phash_dist_2,dropped_near_duplicate,RDD2020
RDD2020_Japan_Japan_006154.jpg,RDD2020_Japan_Japan_009355.jpg,9881e6e06fd845be,0.969_phash_dist_2,dropped_near_duplicate,RDD2020
RDD2020_Japan_Japan_008149.jpg,RDD2020_Japan_Japan_009521.jpg,9c9cb8637161dcd8,0.938_phash_dist_4,dropped_near_duplicate,RDD2020
RDD2020_Japan_Japan_005617.jpg,RDD2020_Japan_Japan_010274.jpg,d6d694c5e16172b8,0.969_phash_dist_2,dropped_near_duplicate,RDD2020
RDD2020_Japan_Japan_008001.jpg,RDD2020_Japan_Japan_010402.jpg,8a0696d5c7aaaaba,0.938_phash_dist_4,dropped_near_duplicate,RDD2020
RDD2020_Japan_Japan_005617.jpg,RDD2020_Japan_Japan_010483.jpg,96d694c5e56172b8,0.938_phash_dist_4,dropped_near_duplicate,RDD2020
RDD2020_Japan_Japan_003491.jpg,RDD2020_Japan_Japan_010668.jpg,c54cb839328acfec,0.969_phash_dist_2,dropped_near_duplicate,RDD2020
RDD2020_Japan_Japan_001370.jpg,RDD2020_Japan_Japan_010787.jpg,94c0e1717a5e9f8c,0.969_phash_dist_2,dropped_near_duplicate,RDD2020
RDD2020_Japan_Japan_000071.jpg,RDD2020_Japan_Japan_010798.jpg,ccccd3f332169685,1.000_phash_dist_0,dropped_near_duplicate,RDD2020
RDD2020_Japan_Japan_001370.jpg,RDD2020_Japan_Japan_010987.jpg,94c0e1717a5e9f8c,0.969_phash_dist_2,dropped_near_duplicate,RDD2020
RDD2020_Japan_Japan_004209.jpg,RDD2020_Japan_Japan_011077.jpg,89e1f6fe790b0390,0.938_phash_dist_4,dropped_near_duplicate,RDD2020
RDD2020_Japan_Japan_001921.jpg,RDD2020_Japan_Japan_011156.jpg,9789078f1ede18f0,0.938_phash_dist_4,dropped_near_duplicate,RDD2020
RDD2020_Japan_Japan_006381.jpg,RDD2020_Japan_Japan_011202.jpg,ded1a1a46a7bda80,0.969_phash_dist_2,dropped_near_duplicate,RDD2020
RDD2020_Japan_Japan_008520.jpg,RDD2020_Japan_Japan_011207.jpg,c4fd90033e60cddd,0.938_phash_dist_4,dropped_near_duplicate,RDD2020
RDD2020_Japan_Japan_006381.jpg,RDD2020_Japan_Japan_011312.jpg,ded1a5a42c7b5a88,0.938_phash_dist_4,dropped_near_duplicate,RDD2020
RDD2020_Japan_Japan_009644.jpg,RDD2020_Japan_Japan_011353.jpg,c44ccccf7a30d14f,0.938_phash_dist_4,dropped_near_duplicate,RDD2020
RDD2020_Japan_Japan_000641.jpg,RDD2020_Japan_Japan_011649.jpg,c2d8ddcbb73c2824,0.938_phash_dist_4,dropped_near_duplicate,RDD2020
RDD2020_Japan_Japan_003368.jpg,RDD2020_Japan_Japan_012345.jpg,8e86e4f078788e8f,0.938_phash_dist_4,dropped_near_duplicate,RDD2020
RDD2020_Japan_Japan_009339.jpg,RDD2020_Japan_Japan_012465.jpg,878797536987d05a,0.938_phash_dist_4,dropped_near_duplicate,RDD2020
RDD2020_Japan_Japan_001656.jpg,RDD2020_Japan_Japan_012495.jpg,cdc9e9ca4ca4b4e1,0.938_phash_dist_4,dropped_near_duplicate,RDD2020
RDD2020_Japan_Japan_009306.jpg,RDD2020_Japan_Japan_012598.jpg,9c9cacae426aea95,0.969_phash_dist_2,dropped_near_duplicate,RDD2020
RDD2020_Japan_Japan_012295.jpg,RDD2020_Japan_Japan_012829.jpg,d5d4f2a32d288eca,0.969_phash_dist_2,dropped_near_duplicate,RDD2020
RDD2020_Japan_Japan_006432.jpg,RDD2020_Japan_Japan_012898.jpg,c8daf2f03c8c0fa5,0.938_phash_dist_4,dropped_near_duplicate,RDD2020
RDD2020_Japan_Japan_009107.jpg,RDD2020_Japan_Japan_012941.jpg,93b3b9894c4c969e,0.938_phash_dist_4,dropped_near_duplicate,RDD2020
RDD2020_Czech_Czech_000248.jpg,RDD2020_Czech_Czech_000594.jpg,a6a5184923cdcddb,0.938_phash_dist_4,dropped_near_duplicate,RDD2020
RDD2020_Czech_Czech_001279.jpg,RDD2020_Czech_Czech_001408.jpg,a5a52e2a29d6dac9,0.938_phash_dist_4,dropped_near_duplicate,RDD2020
RDD2020_Czech_Czech_000627.jpg,RDD2020_Czech_Czech_001790.jpg,80ed27254de55baa,0.938_phash_dist_4,dropped_near_duplicate,RDD2020
RDD2020_Czech_Czech_001279.jpg,RDD2020_Czech_Czech_002857.jpg,a5a52e2a29d5dac9,0.969_phash_dist_2,dropped_near_duplicate,RDD2020
RDD2020_Czech_Czech_002215.jpg,RDD2020_Czech_Czech_003570.jpg,a7a7185833cf485b,0.938_phash_dist_4,dropped_near_duplicate,RDD2020
Pothole600_training_0061.png,Pothole600_training_0114.png,9fbf1d30e0e1e0e0,0.938_phash_dist_4,dropped_near_duplicate,Pothole600
Pothole600_validation_0065.png,Pothole600_validation_0071.png,f47abc8cc685c44e,0.969_phash_dist_2,dropped_near_duplicate,Pothole600
Pothole600_validation_0066.png,Pothole600_validation_0072.png,cc64a692de8e9693,1.000_phash_dist_0,dropped_near_duplicate,Pothole600
Pothole600_validation_0067.png,Pothole600_validation_0073.png,bf36e0cc1ff3c001,1.000_phash_dist_0,dropped_near_duplicate,Pothole600
Pothole600_validation_0068.png,Pothole600_validation_0074.png,bf3f36e0e4ccc401,0.969_phash_dist_2,dropped_near_duplicate,Pothole600
Pothole600_validation_0069.png,Pothole600_validation_0075.png,91ccf33ccf20c339,1.000_phash_dist_0,dropped_near_duplicate,Pothole600
Pothole600_validation_0070.png,Pothole600_validation_0076.png,cab562daa54a956a,1.000_phash_dist_0,dropped_near_duplicate,Pothole600
Pothole600_training_0051.png,Pothole600_validation_0134.png,f38c33ccc2738c33,0.938_phash_dist_4,dropped_near_duplicate,Pothole600
Pothole600_testing_0030.png,Pothole600_testing_0036.png,b8383838c7c3c7c7,0.969_phash_dist_2,dropped_near_duplicate,Pothole600
Pothole600_testing_0002.png,Pothole600_testing_0039.png,8f8761f0f0e01f0f,0.938_phash_dist_4,dropped_near_duplicate,Pothole600
Pothole600_validation_0061.png,Pothole600_testing_0044.png,a6266666b2d99999,0.938_phash_dist_4,dropped_near_duplicate,Pothole600
Pothole600_testing_0013.png,Pothole600_testing_0047.png,f38c33cce470cc33,0.938_phash_dist_4,dropped_near_duplicate,Pothole600
Pothole600_testing_0050.png,Pothole600_testing_0056.png,eb34c2bc9c809ece,1.000_phash_dist_0,dropped_near_duplicate,Pothole600
Pothole600_testing_0051.png,Pothole600_testing_0057.png,e62b8c32b38eb296,1.000_phash_dist_0,dropped_near_duplicate,Pothole600
Pothole600_testing_0052.png,Pothole600_testing_0058.png,af7ed8a40cdb94a0,1.000_phash_dist_0,dropped_near_duplicate,Pothole600
Pothole600_testing_0053.png,Pothole600_testing_0059.png,af3f5bdbe4a42040,1.000_phash_dist_0,dropped_near_duplicate,Pothole600
Pothole600_testing_0054.png,Pothole600_testing_0060.png,9acccc8ce336e31c,1.000_phash_dist_0,dropped_near_duplicate,Pothole600
Pothole600_testing_0055.png,Pothole600_testing_0061.png,66dd599f13f5f1ad24331028d5ef86b43a18f8b8d4367e00780384e6221e3bfd,1.0_exact_sha256,dropped_exact_duplicate,Pothole600
